Name,Symbol,Price,Market Capitalization,Weight,Number of Shares to Buy,Portfolio Allocation
"Palo Alto Networks, Inc.",PANW,245.01,74937535510,0.17732199668599666,7,1715.07
"Axon Enterprise, Inc.",AXON,180.04,13302308692,0.031476774913209694,1,180.04
Fair Isaac Corporation,FICO,834.75,20862990225,0.049367343859923946,0,0.0
Bunge Limited,BG,108.75,16379707500,0.03875871309705678,3,326.25
Insulet Corporation,PODD,280.87,19575459346,0.04632070582058396,1,280.87
GE HealthCare Technologies Inc.,GEHC,77.43,35205639491,0.08330583927888097,10,774.3
"Steel Dynamics, Inc.",STLD,103.76,17538967840,0.04150182917057986,3,311.28
"First Solar, Inc.",FSLR,197.41,21088520660,0.049901008421688514,2,394.82
Arch Capital Group Ltd.,ACGL,82.08,30568480497,0.07233309663168275,8,656.64
Targa Resources Corp.,TRGP,81.38,18393426871,0.0435237048625431,5,406.9
EQT Corporation,EQT,41.52,15015417692,0.03553044316308448,8,332.16
PG&E Corporation,PCG,17.9,41989461427,0.09935815328503425,55,984.5
"CoStar Group, Inc.",CSGP,84.38,34472521495,0.08157108851649689,9,759.42
Invitation Homes Inc.,INVH,35.52,21735327928,0.05143152521080108,14,497.28
Keurig Dr Pepper Inc.,KDP,32.54,45679000159,0.10808857616798663,33,1073.82
ON Semiconductor Corporation,ON,99.25,42863394456,0.10142610959848204,10,992.5
VICI Properties Inc.,VICI,32.75,32887550000,0.07782062743886664,23,753.25
"Warner Bros. Discovery, Inc.",WBD,12.76,31084764621,0.07355476119673565,57,727.32
Camden Property Trust,CPT,111.85,11941329700,0.0282563392441326,2,223.7
"Molina Healthcare, Inc.",MOH,311.17,18141211000,0.04292689551276606,1,311.17
Nordson Corporation,NDSN,247.09,14081930899,0.03332156691851303,1,247.09
Constellation Energy Corporation,CEG,97.34,31578167519,0.0747222827391587,7,681.38
FactSet Research Systems Inc.,FDS,440.42,16876674190,0.03993466751239075,0,0.0
"SolarEdge Technologies, Inc.",SEDG,244.26,13762756422,0.032566315826150966,1,244.26
"EPAM Systems, Inc.",EPAM,232.54,13465344970,0.03186256179758561,1,232.54
"Brown & Brown, Inc.",BRO,71.65,20323092600,0.04808980351622993,6,429.9
Ceridian HCM Holding Inc.,CDAY,69.24,10734346994,0.025400299451299714,3,207.72
"Match Group, Inc.",MTCH,45.0,12530744640,0.029651050630436594,6,270.0
Bio-Techne Corporation,TECH,84.98,13378995580,0.03165823633981319,3,254.94
"Moderna, Inc.",MRNA,120.65,45992864885,0.10883126298741369,9,1085.85
Organon & Co.,OGN,22.29,5685331980,0.01345299670792911,6,133.74
"Charles River Laboratories International, Inc.",CRL,213.03,10903493187,0.025800544007922376,1,213.03
PTC Inc.,PTC,144.19,17065319070,0.040381051111191196,2,288.38
"Caesars Entertainment, Inc.",CZR,59.38,12778813520,0.030238047104471814,5,296.9
Generac Holdings Inc.,GNRC,151.99,9452759667,0.02236772542541941,1,151.99
NXP Semiconductors N.V.,NXPI,218.48,56748652388,0.134282296344492,6,1310.88
"Monolithic Power Systems, Inc.",MPWR,528.8,25077282400,0.059339471953053585,1,528.8
Trimble Inc.,TRMB,53.94,13363473612,0.031621507264863985,5,269.7
"Enphase Energy, Inc.",ENPH,173.36,23757947840,0.05621757800653033,3,520.08
"Tesla, Inc.",TSLA,264.35,837857299622,1.982591611744217,74,19561.9
Pool Corporation,POOL,387.78,15138233196,0.03582105707565931,0,0.0
"Catalent, Inc.",CTLT,48.9,8815300800,0.020859329421569654,4,195.6
"Etsy, Inc.",ETSY,96.39,11889899280,0.028134641289926696,2,192.78
"Teradyne, Inc.",TER,114.64,17773671877,0.0420572008970166,3,343.92
"Bio-Rad Laboratories, Inc.",BIO,422.63,12129649629,0.02870195392306195,0,0.0
Teledyne Technologies Incorporated,TDY,387.87,18247576872,0.04317858525241289,1,387.87
"Tyler Technologies, Inc.",TYL,408.42,17123131026,0.04051784946465286,0,0.0
"West Pharmaceutical Services, Inc.",WST,379.42,28169127292,0.06665559338621278,1,379.42
"Domino's Pizza, Inc.",DPZ,401.36,14085448248,0.033329889895022426,0,0.0
"DexCom, Inc.",DXCM,130.69,50660148840,0.11987528924699992,9,1176.21
Carrier Global Corporation,CARR,54.43,45440233211,0.10752359052128985,19,1034.17
Otis Worldwide Corporation,OTIS,90.73,37497893156,0.08872991673248701,9,816.57
Ingersoll Rand Inc.,IR,64.52,26099566396,0.06175846582731396,9,580.68
"Paycom Software, Inc.",PAYC,358.0,20718569800,0.04902560699936461,1,358.0
"Live Nation Entertainment, Inc.",LYV,97.9,23303626794,0.055142534445717734,5,489.5
STERIS plc,STE,231.86,22873220860,0.054124080354814294,2,463.72
Zebra Technologies Corporation,ZBRA,306.12,15743843436,0.03725409081822154,1,306.12
"Old Dominion Freight Line, Inc.",ODFL,420.75,46136079000,0.1091701453999802,2,841.5
W. R. Berkley Corporation,WRB,61.77,16108072244,0.03811595235457407,6,370.62
"ServiceNow, Inc.",NOW,577.27,117612989800,0.2783033902250859,4,2309.08
Las Vegas Sands Corp.,LVS,58.57,44773659384,0.10594630083411441,18,1054.26
"NVR, Inc.",NVR,6382.98,20811961609,0.04924659668008059,0,0.0
CDW Corporation,CDW,189.63,25559660327,0.06048090550288626,3,568.89
IDEX Corporation,IEX,211.98,16020685272,0.037909171703810404,1,211.98
"Leidos Holdings, Inc.",LDOS,93.68,12852239491,0.03041179234039021,3,281.04
"T-Mobile US, Inc.",TMUS,141.09,169292486872,0.4005907265535175,28,3950.52
MarketAxess Holdings Inc.,MKTX,274.38,10335729972,0.02445706632022572,0,0.0
Amcor plc,AMCR,10.15,14935116000,0.03534042815570805,34,345.1
"Corteva, Inc.",CTVA,55.79,39659606009,0.09384510015488005,16,892.64
"DuPont de Nemours, Inc.",DD,76.63,35174472097,0.08323208899475476,10,766.3
Dow Inc.,DOW,53.7,37982815930,0.08987737206230258,16,859.2
Westinghouse Air Brake Technologies Corporation,WAB,113.04,20332504800,0.04811207526677322,4,452.16
Atmos Energy Corporation,ATO,124.41,17975628665,0.04253508398522774,3,373.23
Teleflex Incorporated,TFX,256.07,12028043219,0.028461526327269292,1,256.07
Celanese Corporation,CE,125.1,13609378800,0.0322033838722924,2,250.2
"Diamondback Energy, Inc.",FANG,144.99,26256819060,0.06213056715377073,4,579.96
"Lamb Weston Holdings, Inc.",LW,101.76,14826839040,0.03508421627721989,3,305.28
"Jack Henry & Associates, Inc.",JKHY,170.87,12452201828,0.029465197597582125,1,170.87
"Keysight Technologies, Inc.",KEYS,169.0,30144192000,0.07132911801206426,4,676.0
"Fortinet, Inc.",FTNT,77.26,60664245432,0.14354762342052355,18,1390.68
"Rollins, Inc.",ROL,44.8,22076857958,0.05223967544466815,11,492.8
"Arista Networks, Inc.",ANET,164.45,50386659066,0.11922814022523351,7,1151.15
"Copart, Inc.",CPRT,89.58,42769075200,0.10120292533326657,11,985.38
"FLEETCOR Technologies, Inc.",FLT,250.97,18530169174,0.043847273258999994,1,250.97
"Broadridge Financial Solutions, Inc.",BR,171.98,20240842140,0.047895177209182564,2,343.96
"Evergy, Inc.",EVRG,61.32,14084038429,0.03332655389099795,5,306.6
MSCI Inc.,MSCI,557.25,44615329650,0.10557165087563138,1,557.25
"Take-Two Interactive Software, Inc.",TTWO,150.25,25442433500,0.0602035158758144,4,601.0
"Huntington Ingalls Industries, Inc.",HII,234.46,9352773522,0.02213113180445666,0,0.0
Norwegian Cruise Line Holdings Ltd.,NCLH,20.77,8809906884,0.0208465659920204,10,207.7
"Cadence Design Systems, Inc.",CDNS,233.96,63587992143,0.15046598017018545,6,1403.76
SBA Communications Corporation,SBAC,226.4,24527949600,0.0580396054938996,2,452.8
IQVIA Holdings Inc.,IQV,231.96,43039944184,0.10184387287385892,4,927.84
A. O. Smith Corporation,AOS,75.07,11293681015,0.02672383144021723,3,225.21
MGM Resorts International,MGM,50.17,18251796231,0.04318856936995189,8,401.36
Packaging Corporation of America,PKG,150.55,13539292710,0.032037541676734,2,301.1
ResMed Inc.,RMD,221.63,32564319303,0.07705577825891732,3,664.89
Baker Hughes Company,BKR,35.53,35872863932,0.0848846684905786,23,817.19
"Align Technology, Inc.",ALGN,339.85,26004302450,0.061533046176107886,1,339.85
"ANSYS, Inc.",ANSS,338.48,29333115470,0.06940989677285554,2,676.96
"Everest Group, Ltd.",EG,364.75,15835694200,0.037471433979546095,1,364.75
Hilton Worldwide Holdings Inc.,HLT,150.26,39762854222,0.09408941269009784,6,901.56
"Gartner, Inc.",IT,357.16,28237283896,0.06681686990840377,1,357.16
DXC Technology Company,DXC,28.38,5980205447,0.01415074519381553,4,113.52
"Advanced Micro Devices, Inc.",AMD,110.09,177284539446,0.419502033289139,38,4183.42
"Alexandria Real Estate Equities, Inc.",ARE,127.35,22035115800,0.05214090247659324,4,509.4
"Raymond James Financial, Inc.",RJF,110.75,23469144136,0.05553419218265629,5,553.75
"Synopsys, Inc.",SNPS,449.33,68370052800,0.1617815984141245,3,1347.99
Regency Centers Corporation,REG,65.92,11272188160,0.026672973669980393,4,263.68
"Cboe Global Markets, Inc.",CBOE,143.72,15173095280,0.035903549971928767,2,287.44
Incyte Corporation,INCY,62.8,14009926400,0.03315118526069416,5,314.0
"IDEXX Laboratories, Inc.",IDXX,556.16,46107554944,0.10910264995154999,1,556.16
"Mid-America Apartment Communities, Inc.",MAA,152.92,17839647200,0.042213315932382325,2,305.84
"The Cooper Companies, Inc.",COO,389.47,19281841813,0.045625929206177834,1,389.47
"Charter Communications, Inc.",CHTR,394.57,59412380907,0.14058538139264495,3,1183.71
Mettler-Toledo International Inc.,MTD,1335.02,29397407404,0.06956202846533913,0,0.0
Albemarle Corporation,ALB,210.02,24642906720,0.05831162439488083,2,420.04
Fortive Corporation,FTV,76.74,26992682308,0.06387181390728573,8,613.92
Alliant Energy Corporation,LNT,55.66,13992256080,0.03310937261762875,5,278.3
TransDigm Group Incorporated,TDG,891.98,48994945034,0.11593497733575968,1,891.98
Arthur J. Gallagher & Co.,AJG,219.75,47080558500,0.11140503329199854,5,1098.75
LKQ Corporation,LKQ,57.45,15355810500,0.0363359024294098,6,344.7
"Digital Realty Trust, Inc.",DLR,118.64,34565409029,0.08179088494940627,6,711.84
"Alaska Air Group, Inc.",ALK,47.86,6121820460,0.01448584370879835,3,143.58
Global Payments Inc.,GPN,111.33,29163226599,0.06900789484397667,6,667.98
"Ulta Beauty, Inc.",ULTA,454.74,22646779584,0.05358826050273113,1,454.74
Centene Corporation,CNC,69.97,38397368609,0.09085831316573663,12,839.64
"Hologic, Inc.",HOLX,81.9,20192772600,0.04778143198451555,5,409.5
"UDR, Inc.",UDR,42.51,23368768430,0.05529667675750181,13,552.63
"American Water Works Company, Inc.",AWK,147.78,28764490320,0.06806437951935021,4,591.12
Federal Realty Investment Trust,FRT,102.93,8390380122,0.019853854894774297,1,102.93
"Citizens Financial Group, Inc.",CFG,32.44,15398716780,0.03643743001752956,11,356.84
Extra Space Storage Inc.,EXR,144.56,31575229025,0.07471532948642916,5,722.8
Willis Towers Watson Public Limited Company,WTW,232.93,24786780090,0.058652066778857266,2,465.86
"Church & Dwight Co., Inc.",CHD,97.91,23915888240,0.05659130669796357,5,489.55
"Illumina, Inc.",ILMN,191.19,30227139000,0.07152539251667685,3,573.57
Synchrony Financial,SYF,34.86,14577859659,0.034495065317395865,9,313.74
Hewlett Packard Enterprise Company,HPE,17.45,22537024000,0.05332854980942016,30,523.5
"Verisk Analytics, Inc.",VRSK,237.01,34316916806,0.08120288673404699,3,711.03
Fox Corporation,FOX,31.17,16284330026,0.03853302480862501,12,374.04
News Corporation,NWS,19.47,11045273447,0.026136033540941583,13,253.11
"United Airlines Holdings, Inc.",UAL,54.57,17897868600,0.04235108313846393,7,381.99
"Activision Blizzard, Inc.",ATVI,92.67,72853352306,0.17239026888526882,18,1668.06
"PayPal Holdings, Inc.",PYPL,73.43,81926581775,0.1938599256451793,26,1909.18
"Advance Auto Parts, Inc.",AAP,73.09,4344754651,0.010280836760681597,1,73.09
The Kraft Heinz Company,KHC,36.36,44622444073,0.10558848547905199,29,1054.44
"J.B. Hunt Transport Services, Inc.",JBHT,202.83,20961466350,0.049600364374837586,2,405.66
"Qorvo, Inc.",QRVO,106.97,10495703854,0.024835606767023104,2,213.94
Realty Income Corporation,O,63.75,42917903520,0.10155509243732486,15,956.25
American Airlines Group Inc.,AAL,16.76,10941983478,0.025891622200001893,15,251.4
"Equinix, Inc.",EQIX,813.03,76037245347,0.17992420054478314,2,1626.06
"Henry Schein, Inc.",HSIC,79.82,10456659460,0.02474321742093164,3,239.46
"Skyworks Solutions, Inc.",SWKS,112.71,17938360952,0.042446898735524694,3,338.13
"HCA Healthcare, Inc.",HCA,282.18,77624611763,0.1836803286378915,6,1693.08
Royal Caribbean Cruises Ltd.,RCL,100.88,25798747753,0.06104664948515504,6,605.28
"Universal Health Services, Inc.",UHS,141.43,9925627266,0.023486655027949558,1,141.43
"United Rentals, Inc.",URI,445.0,30585384000,0.0723730947832439,1,445.0
"Martin Marietta Materials, Inc.",MLM,458.39,28405878232,0.06721580862564355,1,458.39
Broadcom Inc.,AVGO,893.09,368564839505,0.8721217318463761,9,8037.81
Alphabet Inc.,GOOGL,129.27,1643448256743,3.8888325370254653,300,38781.0
"Essex Property Trust, Inc.",ESS,239.45,15909657104,0.037646449740722614,1,239.45
Tractor Supply Company,TSCO,214.52,23504527360,0.055617918233775626,2,429.04
"Meta Platforms, Inc.",META,298.57,765154298489,1.810557113435322,60,17914.2
"Mohawk Industries, Inc.",MHK,116.11,7393838356,0.017495773934071653,1,116.11
Allegion plc,ALLE,117.3,10316148379,0.024410731100560152,2,234.6
"AMETEK, Inc.",AME,158.76,36590212270,0.08658210407806957,5,793.8
Vertex Pharmaceuticals Incorporated,VRTX,351.91,90635124320,0.2144666368453132,6,2111.46
"Delta Air Lines, Inc.",DAL,46.43,29873896997,0.07068952866208075,15,696.45
News Corporation,NWSA,19.2,11021837318,0.02608057747128853,13,249.6
Fox Corporation,FOXA,33.15,16244163895,0.03843798113659071,11,364.65
Zoetis Inc.,ZTS,192.0,88725504000,0.20994797092242115,10,1920.0
General Motors Company,GM,38.29,53227692349,0.12595077516331077,32,1225.28
"Regeneron Pharmaceuticals, Inc.",REGN,730.96,78864736320,0.1866147908014788,2,1461.92
AbbVie Inc.,ABBV,141.9,250352757811,0.5924007320065691,41,5817.9
Aptiv PLC,APTV,110.39,29861155574,0.07065937909081978,6,662.34
Garmin Ltd.,GRMN,105.62,20204049800,0.047808116817522374,4,422.48
Dollar General Corporation,DG,164.88,36164942761,0.08557580412501746,5,824.4
"Mondelez International, Inc.",MDLZ,73.67,100327488321,0.23740132939382183,32,2357.44
Pentair plc,PNR,66.92,11038454000,0.02611989692862701,3,200.76
LyondellBasell Industries N.V.,LYB,94.99,30897775740,0.07311229612884486,7,664.93
Seagate Technology Holdings plc,STX,57.97,12004543540,0.02840591988153551,4,231.88
Lam Research Corporation,LRCX,642.37,86295985800,0.204199089333548,3,1927.11
Monster Beverage Corporation,MNST,58.17,60887121631,0.1440750073590465,24,1396.08
"Kinder Morgan, Inc.",KMI,17.95,39995651213,0.09464027184213258,52,933.4
Phillips 66,PSX,109.59,50286688333,0.11899158307313237,10,1095.9
Crown Castle Inc.,CCI,112.46,48770641560,0.11540421608770692,10,1124.6
BorgWarner Inc.,BWA,46.4,10874906829,0.02573290113650897,5,232.0
"Dollar Tree, Inc.",DLTR,151.73,33439014836,0.07912553885817247,5,758.65
Xylem Inc.,XYL,113.83,27250446680,0.06448175247554105,5,569.15
TE Connectivity Ltd.,TEL,144.43,45512060605,0.10769355310191317,7,1011.01
The Mosaic Company,MOS,40.46,13437129816,0.03179579729285467,7,283.22
Accenture plc,ACN,316.51,199652927982,0.4724315470616113,14,4431.14
Marathon Petroleum Corporation,MPC,130.35,56050500000,0.13263028344349745,10,1303.5
"Chipotle Mexican Grill, Inc.",CMG,2087.86,57603639828,0.13630542239167856,0,0.0
"BlackRock, Inc.",BLK,743.16,111028104000,0.2627218116468919,3,2229.48
Edwards Lifesciences Corporation,EW,91.63,55547753874,0.13144065335649555,14,1282.82
"F5, Inc.",FFIV,154.89,9365888520,0.022162165352812176,1,154.89
"Netflix, Inc.",NFLX,422.67,187894141089,0.44460715230027514,10,4226.7
Trane Technologies plc,TT,194.28,44305942560,0.1048395593253248,5,971.4
Johnson Controls International plc,JCI,68.75,47169306800,0.11161503520427635,16,1100.0
Chubb Limited,CB,205.89,85271198157,0.2017741711693838,9,1853.01
"CarMax, Inc.",KMX,83.01,13133012100,0.031076174472839342,3,249.03
"ONEOK, Inc.",OKE,67.6,30247281459,0.07157305489339819,10,676.0
Berkshire Hathaway Inc.,BRK-B,349.8,764407464539,1.8087899071040008,51,17839.8
"NRG Energy, Inc.",NRG,38.5,8863932000,0.020974403682106086,5,192.5
"Roper Technologies, Inc.",ROP,493.85,52640459200,0.12456122647062672,2,987.7
"Ross Stores, Inc.",ROST,113.48,38657642880,0.09147419081777863,8,907.84
Visa Inc.,V,237.1,496582249247,1.1750447269986728,49,11617.9
Booking Holdings Inc.,BKNG,2958.16,109255793992,0.2585280581797366,0,0.0
FMC Corporation,FMC,95.29,11924781180,0.028217181076084674,2,190.58
"Quanta Services, Inc.",PWR,202.65,29419916400,0.0696152906934996,3,607.95
Western Digital Corporation,WDC,38.88,12439150249,0.029434314115326748,7,272.16
"O'Reilly Automotive, Inc.",ORLY,965.62,58785883418,0.1391029229035555,1,965.62
Hormel Foods Corporation,HRL,40.81,22293198386,0.05275159402319872,12,489.72
"Ventas, Inc.",VTR,48.87,19550541240,0.046261743002024715,9,439.83
Welltower Inc.,WELL,83.24,41372861106,0.09789911410883456,11,915.64
Iron Mountain Incorporated,IRM,62.43,18206024389,0.0430802611054727,6,374.58
Eversource Energy,ES,73.62,25681746862,0.060769794482318826,8,588.96
"Republic Services, Inc.",RSG,152.87,48350026894,0.11440893072232976,7,1070.09
"Wynn Resorts, Limited",WYNN,109.53,12464294940,0.029493813093827013,2,219.06
DENTSPLY SIRONA Inc.,XRAY,40.47,8598984660,0.020347468314860468,5,202.35
The J. M. Smucker Company,SJM,152.23,15543900840,0.03678097384014091,2,304.46
"WEC Energy Group, Inc.",WEC,92.54,29190355640,0.06907208931855549,7,647.78
"Nasdaq, Inc.",NDAQ,50.92,24989753393,0.05913235520997479,11,560.12
Amphenol Corporation,APH,88.6,52745261274,0.12480921585127608,14,1240.4
Pioneer Natural Resources Company,PXD,220.55,51550474800,0.12198203556383748,5,1102.75
"L3Harris Technologies, Inc.",LHX,202.56,38375598060,0.09080679829816916,4,810.24
"Salesforce, Inc.",CRM,225.58,219714920000,0.5199035176557812,23,5188.34
Fastenal Company,FAST,58.53,33440120022,0.07912815402007893,13,760.89
"CF Industries Holdings, Inc.",CF,81.65,15921750000,0.03767506472585446,4,326.6
Invesco Ltd.,IVZ,16.44,7532298228,0.0178234065523161,10,164.4
DaVita Inc.,DVA,101.2,9178840000,0.021719559163299384,2,202.4
Mastercard Incorporated,MA,402.41,378337820923,0.8952471864909798,22,8853.02
Coterra Energy Inc.,CTRA,27.15,20564848733,0.0486618623639475,17,461.55
"Intuitive Surgical, Inc.",ISRG,329.37,115725798985,0.2738377984336582,8,2634.96
"Healthpeak Properties, Inc.",PEAK,22.21,12148780449,0.028747222494780424,12,266.52
Philip Morris International Inc.,PM,98.23,152472599713,0.3607904321514013,36,3536.28
American Tower Corporation,AMT,189.98,88538850660,0.20950629983313782,11,2089.78
Jacobs Engineering Group Inc.,J,127.01,16111218500,0.038123397227056315,3,381.03
"Expeditors International of Washington, Inc.",EXPD,126.23,19286934160,0.045637979043842127,3,378.69
"Expedia Group, Inc.",EXPE,119.56,17709823804,0.04190611949686297,3,358.68
"Intercontinental Exchange, Inc.",ICE,116.73,65353275844,0.15464310753964364,13,1517.49
Microchip Technology Incorporated,MCHP,88.33,48081023633,0.11377239797500985,12,1059.96
"Akamai Technologies, Inc.",AKAM,94.19,14335906380,0.03392253997018481,3,282.57
Discover Financial Services,DFS,106.49,26622500000,0.06299586481787871,5,532.45
"Assurant, Inc.",AIZ,132.57,7046307612,0.016673424426358975,1,132.57
"Host Hotels & Resorts, Inc.",HST,17.42,12389818638,0.02931758249741693,16,278.72
"C.H. Robinson Worldwide, Inc.",CHRW,98.28,11443624920,0.027078638312961898,2,196.56
Ralph Lauren Corporation,RL,128.27,8371849141,0.019810005700520612,1,128.27
"AvalonBay Communities, Inc.",AVB,191.75,27228309784,0.06442937073423564,3,575.25
Cognizant Technology Solutions Corporation,CTSH,67.76,34386640978,0.08136787253605096,12,813.12
"CBRE Group, Inc.",CBRE,88.36,27465115520,0.0649897156354716,7,618.52
"Fidelity National Information Services, Inc.",FIS,61.49,36428643680,0.08619979013105275,14,860.86
CME Group Inc.,CME,198.75,71493357840,0.16917216286467723,8,1590.0
"Juniper Networks, Inc.",JNPR,29.67,9541634640,0.022578027079463943,7,207.69
Kimco Realty Corporation,KIM,20.73,12850360497,0.030407346144427486,14,290.22
"Boston Properties, Inc.",BXP,65.57,10283671475,0.024333882169990623,3,196.71
Alphabet Inc.,GOOG,129.66,1643855402146,3.889795950557952,299,38768.34
"VeriSign, Inc.",VRSN,210.84,21947600640,0.051933818499172814,2,421.68
The Est√©e Lauder Companies Inc.,EL,178.07,63644531485,0.15059976718288234,8,1424.56
"Amazon.com, Inc.",AMZN,128.15,1314870276403,3.1113302727140657,242,31012.3
Lennar Corporation,LEN,127.22,36168773474,0.08558486860349634,6,763.32
"Ameriprise Financial, Inc.",AMP,354.48,37319299920,0.08830731797758257,2,708.96
Public Storage,PSA,295.57,51964752840,0.12296232679887759,4,1182.28
"Tyson Foods, Inc.",TSN,55.04,19572830045,0.046314484200136535,8,440.32
"Constellation Brands, Inc.",STZ,272.2,49875750400,0.11801919541322792,4,1088.8
"D.R. Horton, Inc.",DHI,128.64,43509007749,0.10295380112746892,8,1029.12
Laboratory Corporation of America Holdings,LH,218.84,19389224000,0.045880023815478246,2,437.68
"Tapestry, Inc.",TPR,42.47,9844461060,0.02329459435216944,5,212.35
Thermo Fisher Scientific Inc.,TMO,574.41,221561995015,0.5242741848716107,9,5169.69
"Gilead Sciences, Inc.",GILD,77.19,96282947735,0.22783087838410898,29,2238.51
Viatris Inc.,VTRS,10.48,12565834568,0.029734082665773515,28,293.44
M&T Bank Corporation,MTB,140.44,23298153360,0.055129582855583316,3,421.32
Biogen Inc.,BIIB,265.25,38392815500,0.09084753930756911,3,795.75
"Prologis, Inc.",PLD,129.28,119385682412,0.28249804903433384,21,2714.88
Gen Digital Inc.,GEN,19.74,12648819698,0.029930447396034537,15,296.1
"McCormick & Company, Incorporated",MKC,89.93,24125880820,0.05708820459194189,6,539.58
State Street Corporation,STT,71.47,23020557898,0.054472718691879356,7,500.29
Valero Energy Corporation,VLO,126.18,45616214051,0.1079400076574407,8,1009.44
Quest Diagnostics Incorporated,DGX,136.24,15260106160,0.03610944068971127,2,272.48
Comcast Corporation,CMCSA,42.91,178478994427,0.42232842917660707,98,4205.18
"The Travelers Companies, Inc.",TRV,174.16,39872538720,0.09434895517516216,5,870.8
Elevance Health Inc.,ELV,469.59,110657944320,0.2618459161013079,5,2347.95
Electronic Arts Inc.,EA,138.83,37778001999,0.08939272821930908,6,832.98
eBay Inc.,EBAY,48.8,26095165210,0.06174805145908054,12,585.6
"The Goldman Sachs Group, Inc.",GS,357.56,118870106880,0.28127806118506055,7,2502.92
"Principal Financial Group, Inc.",PFG,84.1,20417378173,0.04831290807857322,5,420.5
"Prudential Financial, Inc.",PRU,96.83,35342950000,0.08363075220077178,8,774.64
"United Parcel Service, Inc.",UPS,184.39,158369993965,0.3747452241910943,20,3687.8
"Simon Property Group, Inc.",SPG,124.17,46473976083,0.1099696991219456,8,993.36
Waters Corporation,WAT,289.92,17115021312,0.04049865973991418,1,289.92
Equity Residential,EQR,67.37,25526829311,0.06040321864981951,8,538.96
NVIDIA Corporation,NVDA,454.52,1122664458179,2.656520553790265,58,26362.16
PPL Corporation,PPL,28.06,20682128978,0.04893937839211269,17,477.02
AmerisourceBergen Corporation,ABC,187.71,37966038392,0.08983767197719317,4,750.84
"Zimmer Biomet Holdings, Inc.",ZBH,141.82,29610314160,0.07006582206923767,4,567.28
"Zions Bancorporation, National Association",ZION,38.45,5696136800,0.01347856376512139,3,115.35
"Fiserv, Inc.",FI,127.3,78583565037,0.18594946530107362,14,1782.2
Cintas Corporation,CTAS,516.52,52546612640,0.12433916072896523,2,1033.04
Sempra,SRE,151.95,47811522134,0.11313468626501944,7,1063.65
Stryker Corporation,SYK,290.12,110131872960,0.26060109235150536,8,2320.96
"MetLife, Inc.",MET,62.85,48131849347,0.11389266503514381,18,1131.3
Intuit Inc.,INTU,496.86,139150611600,0.329267090531646,6,2981.16
Robert Half International Inc.,RHI,75.43,8128563090,0.019234326662831758,2,150.86
"EOG Resources, Inc.",EOG,129.32,75633966915,0.17896993728677815,13,1681.16
NiSource Inc.,NI,28.43,11743381317,0.027787941100592902,9,255.87
Devon Energy Corporation,DVN,53.15,34106353299,0.08070463787603026,15,797.25
Starbucks Corporation,SBUX,101.73,116623272000,0.27596145656984505,27,2746.71
"Agilent Technologies, Inc.",A,128.47,37946954720,0.08979251497009239,6,770.82
"Analog Devices, Inc.",ADI,191.52,96031572296,0.22723605771836466,11,2106.72
Pinnacle West Capital Corporation,PNW,84.74,9597313440,0.022709777822558005,2,169.48
QUALCOMM Incorporated,QCOM,124.02,138158280000,0.3269189719354169,26,3224.52
Vulcan Materials Company,VMC,223.46,29733364140,0.0703569908139432,3,670.38
"Best Buy Co., Inc.",BBY,84.22,18377731094,0.04348656450960467,5,421.1
"NetApp, Inc.",NTAP,78.4,16654591027,0.03940916010644935,5,392.0
Aflac Incorporated,AFL,72.77,43969599372,0.10404368252924395,14,1018.78
McKesson Corporation,MCK,403.79,54718791040,0.12947910839904564,3,1211.37
Carnival Corporation & plc,CCL,17.65,23052136241,0.054547441389852895,30,529.5
Danaher Corporation,DHR,264.87,195447310249,0.46247994498878786,17,4502.79
The AES Corporation,AES,21.9,14658458400,0.03468578322114372,15,328.5
"Paychex, Inc.",PAYX,127.75,46059749456,0.10898952954363934,8,1022.0
Regions Financial Corporation,RF,20.23,18982031044,0.0449164977600376,22,445.06
Capital One Financial Corporation,COF,114.04,43494856000,0.10292031435248758,9,1026.36
Moody's Corporation,MCO,359.25,65922375000,0.15598974641650887,4,1437.0
"Marriott International, Inc.",MAR,193.73,58768767320,0.13906242169608746,7,1356.11
"Franklin Resources, Inc.",BEN,29.0,14525027232,0.03437004984442028,11,319.0
Northern Trust Corporation,NTRS,79.85,16636108700,0.03936542604040702,4,319.4
Omnicom Group Inc.,OMC,82.91,16380612273,0.03876085402888508,4,331.64
Cincinnati Financial Corporation,CINF,103.62,16290410231,0.03854741217916666,3,310.86
Truist Financial Corporation,TFC,33.36,44434853868,0.10514459751979428,31,1034.16
FirstEnergy Corp.,FE,40.02,22924936420,0.05424645302555299,13,520.26
"Yum! Brands, Inc.",YUM,137.3,38455946198,0.09099692320904591,6,823.8
KLA Corporation,KLAC,457.85,62816565813,0.14864058177403058,3,1373.55
Huntington Bancshares Incorporated,HBAN,12.17,17620698821,0.041695226253141926,34,413.78
The Progressive Corporation,PGR,126.23,73882414961,0.17482530285666545,13,1640.99
APA Corporation,APA,39.99,12340874330,0.0292017673406746,7,279.93
Equifax Inc.,EFX,203.5,24969450000,0.05908431202091395,2,407.0
The Charles Schwab Corporation,SCHW,66.62,117860104668,0.27888812925481693,41,2731.42
"Cardinal Health, Inc.",CAH,92.28,23494488000,0.055594162457067275,6,553.68
Adobe Inc.,ADBE,514.55,234531890000,0.5549643811783868,10,5145.5
"AutoZone, Inc.",AZO,2492.73,45258005880,0.10709239253801257,0,0.0
Aon plc,AON,341.25,69698947500,0.16492611417629544,4,1365.0
Fifth Third Bancorp,FITB,28.53,19424650044,0.04596385119002445,16,456.48
Comerica Incorporated,CMA,53.47,7040394900,0.01665943338848278,3,160.41
The Allstate Corporation,ALL,112.96,29691761920,0.07025854897612767,6,677.76
"Darden Restaurants, Inc.",DRI,169.02,20463420420,0.04842185619268434,2,338.04
Loews Corporation,L,61.63,14045353000,0.03323501395088317,5,308.15
The Bank of New York Mellon Corporation,BK,45.62,35528035570,0.0840687135322568,18,821.16
"Applied Materials, Inc.",AMAT,139.02,116741629052,0.27624152060770907,19,2641.38
Corning Incorporated,GLW,34.4,29244471450,0.06920014161459342,20,688.0
Boston Scientific Corporation,BSX,52.4,75335478323,0.17826363446054805,34,1781.6
Paramount Global,PARA,15.49,10192946598,0.02411920315460474,15,232.35
"Micron Technology, Inc.",MU,67.38,73801311844,0.17463339146611834,25,1684.5
Southwest Airlines Co.,LUV,36.26,21577347850,0.05105770263074264,14,507.64
UnitedHealth Group Incorporated,UNH,508.0,472964256000,1.1191583185149623,22,11176.0
Microsoft Corporation,MSFT,337.77,2511485387044,5.942837597306851,175,59109.75
KeyCorp,KEY,12.42,11621803761,0.027500256499873057,22,273.24
Eastman Chemical Company,EMN,88.02,10487759040,0.024816807239227176,2,176.04
"Cisco Systems, Inc.",CSCO,53.22,216874691497,0.5131827870396906,96,5109.12
Costco Wholesale Corporation,COST,566.17,250897103160,0.5936887968396931,10,5661.7
Morgan Stanley,MS,93.54,155182865987,0.36720363781643495,39,3648.06
"The Interpublic Group of Companies, Inc.",IPG,32.81,12665742468,0.02997049113840524,9,295.29
Linde plc,LIN,388.21,190066448264,0.44974740468600927,11,4270.31
Amgen Inc.,AMGN,235.21,125679055552,0.29738983168344296,12,2822.52
Ameren Corporation,AEE,88.1,23135852195,0.054745535442676026,6,528.6
"Autodesk, Inc.",ADSK,212.75,45470206500,0.10759451523767603,5,1063.75
Kellogg Company,K,67.54,23149876401,0.054778720417240925,8,540.32
Oracle Corporation,ORCL,115.5,313497026304,0.7418167448531788,64,7392.0
Globe Life Inc.,GL,114.0,10893247200,0.02577629929717103,2,228.0
Newell Brands Inc.,NWL,10.46,4331486000,0.010249439628755158,9,94.14
Ecolab Inc.,ECL,188.96,53800878648,0.12730708529974666,6,1133.76
"NIKE, Inc.",NKE,109.3,167993006891,0.3975158137836192,36,3934.8
Citigroup Inc.,C,47.49,91451491480,0.21639837711212198,45,2137.05
"The PNC Financial Services Group, Inc.",PNC,136.01,54131980000,0.1280905585277158,9,1224.09
"The Home Depot, Inc.",HD,329.59,331363183653,0.7840927907982461,23,7580.57
Avery Dennison Corporation,AVY,180.62,14581146268,0.03450284230213709,1,180.62
"Marsh & McLennan Companies, Inc.",MMC,192.0,94839164928,0.22441450702393811,11,2112.0
Sysco Corporation,SYY,75.45,38298721800,0.09062488876740894,12,905.4
Medtronic plc,MDT,90.4,120269062554,0.2845883597117019,31,2802.4
Illinois Tool Works Inc.,ITW,255.4,77616828243,0.18366191077429012,7,1787.8
Parker-Hannifin Corporation,PH,393.76,50517832960,0.1195385322956273,3,1181.28
Dover Corporation,DOV,146.8,20530127974,0.048579703879945695,3,440.4
"The TJX Companies, Inc.",TJX,87.42,100466566395,0.2377304248412379,27,2360.34
"CenterPoint Energy, Inc.",CNP,31.2,19688104550,0.04658725411783502,14,436.8
"Revvity, Inc.",RVTY,129.83,16286005030,0.03853698831038305,2,259.66
"Air Products and Chemicals, Inc.",APD,303.01,67305492654,0.1592625680057137,5,1515.05
Nucor Corporation,NUE,168.91,42434078281,0.10041023416512947,5,844.55
Ball Corporation,BALL,59.46,18703024080,0.04425629360988677,7,416.22
"Hasbro, Inc.",HAS,64.06,8879292028,0.021010749564254153,3,192.18
Hess Corporation,HES,147.62,45327016240,0.10725568927233856,7,1033.34
"PulteGroup, Inc.",PHM,84.3,18817783200,0.044527843990585,5,421.5
"Lowe's Companies, Inc.",LOW,234.07,137160570797,0.3245581285105041,13,3042.91
AT&T Inc.,T,14.89,106448612859,0.25188552636740613,169,2516.41
Verizon Communications Inc.,VZ,34.34,144365017149,0.3416057509531091,99,3399.66
"Bath & Body Works, Inc.",BBWI,35.97,8233964640,0.019483734561992053,5,179.85
"Conagra Brands, Inc.",CAG,33.17,15824080200,0.03744395218880538,11,364.87
Apple Inc.,AAPL,194.5,3059232230912,7.238951265472059,372,72354.0
Brown-Forman Corporation,BF-B,70.36,33971144629,0.08038469846021563,11,773.96
Snap-on Incorporated,SNA,269.0,14234538500,0.03368267679935731,1,269.0
"Stanley Black & Decker, Inc.",SWK,97.15,14877843227,0.035204905651598624,3,291.45
Walmart Inc.,WMT,159.74,430154251377,1.017858543359238,63,10063.62
"W.W. Grainger, Inc.",GWW,762.12,38233274040,0.09047002208540714,1,762.12
Masco Corporation,MAS,61.61,13867732797,0.03281471764899146,5,308.05
"Automatic Data Processing, Inc.",ADP,253.45,104706026378,0.247762106613794,9,2281.05
FedEx Corporation,FDX,268.13,67350772455,0.15936971197126074,5,1340.65
PACCAR Inc,PCAR,84.61,44213379227,0.10462053003758846,12,1015.32
"American International Group, Inc.",AIG,60.84,44033133980,0.1041940221884354,17,1034.28
"Walgreens Boots Alliance, Inc.",WBA,30.85,26631601603,0.06301740161390515,20,617.0
V.F. Corporation,VFC,19.67,7646063233,0.018092604594422787,9,177.03
Textron Inc.,TXT,68.4,13794912000,0.03264240441455659,4,273.6
Intel Corporation,INTC,34.36,143315562199,0.3391224634270445,98,3367.28
Target Corporation,TGT,134.47,62065973200,0.14686448145355557,10,1344.7
American Express Company,AXP,167.75,124678681776,0.295022683175217,17,2851.75
Bank of America Corporation,BAC,32.41,257774881674,0.6099634369191468,188,6093.08
Cigna Corporation,CI,290.69,86007031680,0.20351534758569975,7,2034.83
The Walt Disney Company,DIS,85.86,156891975252,0.37124784163714775,43,3691.98
Duke Energy Corporation,DUK,95.56,73643508178,0.17425998632343445,18,1720.08
Lincoln National Corporation,LNC,28.22,4784955206,0.011322467511194704,4,112.88
"NextEra Energy, Inc.",NEE,74.37,150481747780,0.35607955078249603,47,3495.39
Molson Coors Beverage Company,TAP,70.49,15235285660,0.03605070883272142,5,352.45
Wells Fargo & Company,WFC,46.44,170326595543,0.40303770073119843,86,3993.84
International Flavors & Fragrances Inc.,IFF,87.07,22210774067,0.052556556319848936,6,522.42
JPMorgan Chase & Co.,JPM,157.76,458466330952,1.084852399594367,68,10727.68
"The Williams Companies, Inc.",WMB,34.07,41503731665,0.09820878840852106,28,953.96
HP Inc.,HPQ,33.04,32575985183,0.07708338281143724,23,759.92
Genuine Parts Company,GPC,157.97,22184990860,0.05249554644388899,3,473.91
Johnson & Johnson,JNJ,172.72,448852642836,1.0621038749645695,61,10535.92
Baxter International Inc.,BAX,48.95,24761356717,0.05859190836515748,11,538.45
"Becton, Dickinson and Company",BDX,282.8,80319444262,0.19005701391590182,6,1696.8
Eli Lilly and Company,LLY,453.59,430580750956,1.0188677539827167,22,9978.98
McDonald's Corporation,MCD,291.75,213004929168,0.504025907537202,17,4959.75
Newmont Corporation,NEM,43.45,34531062298,0.08170961151441661,18,782.1
The Clorox Company,CLX,153.68,18983322000,0.04491955250281765,2,307.36
Cummins Inc.,CMI,256.22,36265378800,0.0858134623139812,3,768.66
Emerson Electric Co.,EMR,92.39,52800887956,0.12494084326942008,13,1201.07
The Sherwin-Williams Company,SHW,280.9,72441301000,0.17141524669085406,6,1685.4
Abbott Laboratories,ABT,114.08,198379417825,0.4694180857527723,41,4677.28
Archer-Daniels-Midland Company,ADM,86.9,47328782195,0.1119923960992035,12,1042.8
"American Electric Power Company, Inc.",AEP,87.61,45100840211,0.10672049706469731,12,1051.32
The Boeing Company,BA,232.8,140051079475,0.33139783529740213,14,3259.2
Bristol-Myers Squibb Company,BMY,63.41,133214901544,0.31522163318218976,49,3107.09
Caterpillar Inc.,CAT,258.32,133382495104,0.3156182037991531,12,3099.84
Colgate-Palmolive Company,CL,77.96,64673121280,0.1530336822426577,19,1481.24
CMS Energy Corporation,CMS,63.42,18496823520,0.04376836863653224,6,380.52
ConocoPhillips,COP,116.83,141371313539,0.3345218577079084,28,3271.24
Campbell Soup Company,CPB,46.19,13768869480,0.03258078093556563,7,323.33
CSX Corporation,CSX,32.95,66108572973,0.15643033998722805,47,1548.65
CVS Health Corporation,CVS,75.1,96280449395,0.22782496665196852,30,2253.0
Chevron Corporation,CVX,161.34,301617060419,0.7137056085987897,44,7098.96
Deere & Company,DE,432.95,126937476400,0.30036758770277283,6,2597.7
DTE Energy Company,DTE,115.87,23881848903,0.05651076063834701,4,463.48
"Consolidated Edison, Inc.",ED,97.5,33787650000,0.07995050171523334,8,780.0
Edison International,EIX,72.1,27613074877,0.06533982654361742,9,648.9
Eaton Corporation plc,ETN,203.04,80914077896,0.19146407411023472,9,1827.36
Entergy Corporation,ETR,104.39,22072953165,0.052230435673348036,5,521.95
Exelon Corporation,EXC,43.2,42965381837,0.10166743867225819,23,993.6
Ford Motor Company,F,13.67,53722006400,0.1271204527343268,92,1257.64
General Dynamics Corporation,GD,222.78,61116574080,0.14461795244156447,6,1336.68
General Electric Company,GE,114.72,125076914258,0.2959650063831111,25,2868.0
"General Mills, Inc.",GIS,75.74,44321758602,0.10487698425700988,13,984.62
Halliburton Company,HAL,38.21,34472871256,0.0815719161433792,21,802.41
"The Hartford Financial Services Group, Inc.",HIG,75.66,23472380705,0.055541850759544174,7,529.62
Honeywell International Inc.,HON,208.26,138633890354,0.32804439162051663,15,3123.9
The Hershey Company,HSY,240.44,49145698205,0.11629169914555149,4,961.76
Howmet Aerospace Inc.,HWM,50.48,20862930084,0.049367201550437376,9,454.32
International Business Machines Corporation,IBM,141.07,128097907021,0.30311347297016106,21,2962.47
International Paper Company,IP,33.77,11720114620,0.027732885951791304,8,270.16
Kimberly-Clark Corporation,KMB,131.89,44497179035,0.10529207532222018,7,923.23
The Coca-Cola Company,KO,63.05,272664758912,0.6451968182184183,102,6431.1
The Kroger Co.,KR,48.71,34961406881,0.08272792043265398,16,779.36
Lockheed Martin Corporation,LMT,452.81,114031598732,0.26982887327214433,5,2264.05
3M Company,MMM,112.64,62140334080,0.14704043893103583,13,1464.32
"Altria Group, Inc.",MO,45.56,81326422400,0.192439790088538,42,1913.52
"Merck & Co., Inc.",MRK,107.14,271861321600,0.6432956733861752,60,6428.4
Marathon Oil Corporation,MRO,26.11,16125639604,0.038157521367092315,14,365.54
"Motorola Solutions, Inc.",MSI,295.4,49543599437,0.11723323852847718,3,886.2
Northrop Grumman Corporation,NOC,457.16,69423864097,0.1642751942075085,3,1371.48
Norfolk Southern Corporation,NSC,236.93,53934745200,0.12762384890997963,5,1184.65
Occidental Petroleum Corporation,OXY,62.85,56046174758,0.13262004877882147,21,1319.85
Public Service Enterprise Group Incorporated,PEG,64.92,32392807281,0.07664993552617047,11,714.12
"PepsiCo, Inc.",PEP,191.6,263752721869,0.6241085853021725,32,6131.2
Pfizer Inc.,PFE,37.21,210061983314,0.49706212054556254,133,4948.93
The Procter & Gamble Company,PG,153.94,362831959337,0.8585562235702776,55,8466.7
"PPG Industries, Inc.",PPG,146.18,34427289171,0.0814640568940684,5,730.9
Raytheon Technologies Corporation,RTX,86.3,126096379238,0.29837732972113873,34,2934.2
Sealed Air Corporation,SEE,46.21,6672077060,0.01578789612268681,3,138.63
Schlumberger Limited,SLB,57.67,81949066309,0.19391312998978844,33,1903.11
The Southern Company,SO,73.09,79697336000,0.18858494149689392,25,1827.25
S&P Global Inc.,SPGI,428.41,137433928000,0.3252049638342784,7,2998.87
Union Pacific Corporation,UNP,238.0,145107404288,0.3433624349553994,14,3332.0
WestRock Company,WRK,32.28,8267876400,0.019563978740739212,6,193.68
Xcel Energy Inc.,XEL,65.05,35800655718,0.08471380478927766,13,845.65
Exxon Mobil Corporation,XOM,105.09,424876778289,1.0053706484871696,95,9983.55
"Dominion Energy, Inc.",D,54.45,45516987014,0.10770521028645261,19,1034.55
Freeport-McMoRan Inc.,FCX,43.41,62219118205,0.14722686297416834,33,1432.53
Humana Inc.,HUM,448.21,56001598450,0.1325145694634736,2,896.42
"Rockwell Automation, Inc.",ROK,333.96,38363655000,0.09077853786457833,2,667.92
"T. Rowe Price Group, Inc.",TROW,118.8,26672263200,0.06311361768932598,5,594.0
Texas Instruments Incorporated,TXN,176.0,159747106816,0.37800383683079974,21,3696.0
U.S. Bancorp,USB,38.89,59615261289,0.1410654499481402,36,1400.04
Whirlpool Corporation,WHR,143.57,7861591703,0.018602601865923368,1,143.57
"Waste Management, Inc.",WM,164.94,67100394660,0.15877725199465378,9,1484.46
Weyerhaeuser Company,WY,34.38,25176336480,0.059573860062109435,17,584.46
